Kiss Ádám;F;2007
Kiss Béla;F;2001
Kiss Ferenc;F;1999
Kiss Dániel;F;2001
Nagy Ádám;F;2004
Nagy Béla;F;2004
Nagy Ferenc;F;2002
Nagy Dániel;F;2005
Szabó Ádám;F;2003
Szabó Béla;F;2003
Szabó Ferenc;F;2006
Szabó Dániel;F;2009
Kovács Ádám;F;2009
Kovács Béla;F;1998
Kovács Ferenc;F;2004
Kovács Dániel;F;2006
Fehér Ádám;F;2008
Fehér Béla;F;2005
Fehér Ferenc;F;2004
Fehér Dániel;F;2008
Fekete Ádám;F;1998
Fekete Béla;F;2006
Fekete Ferenc;F;1999
Fekete Dániel;F;2001
Kiss Adél;L;2009
Kiss Blanka;L;2007
Kiss Fanni;L;2005
Kiss Diána;L;2002
Nagy Adél;L;2004
Nagy Blanka;L;1999
Nagy Fanni;L;2006
Nagy Diána;L;2001
Szabó Adél;L;2004
Szabó Blanka;L;1999
Szabó Fanni;L;2003
Szabó Diána;L;2000
Kovács Adél;L;2003
Kovács Blanka;L;1998
Kovács Fanni;L;1998
Kovács Diána;L;2008
Fehér Adél;L;2002
Fehér Blanka;L;2009
Fehér Fanni;L;1999
Fehér Diána;L;2007
Fekete Adél;L;2006
Fekete Blanka;L;2009
Fekete Fanni;L;2008
Fekete Diána;L;1999
